{"cameraMode":{"drawMode":0,"name":"Shaded","section":"Shading Mode"},"sceneLighting":false,"audioPlay":false,"sceneViewState":{"m_AlwaysRefresh":false,"showFog":true,"showSkybox":false,"showFlares":true,"showImageEffects":true,"showParticleSystems":true,"showVisualEffectGraphs":true,"m_FxEnabled":true},"in2DMode":false,"pivot":{"x":0.21489132940769196,"y":4.924261093139648,"z":2.5888330936431886},"rotation":{"x":0.05285822972655296,"y":0.9453022480010986,"z":-0.19437627494335175,"w":0.2568305730819702},"size":15.517997741699219,"orthographic":false}