{"cameraMode":{"drawMode":0,"name":"Shaded","section":"Shading Mode"},"sceneLighting":true,"audioPlay":false,"sceneViewState":{"m_AlwaysRefresh":false,"showFog":true,"showSkybox":true,"showFlares":true,"showImageEffects":true,"showParticleSystems":true,"showVisualEffectGraphs":true,"m_FxEnabled":false},"in2DMode":false,"pivot":{"x":163.44296264648438,"y":4.1038665771484379,"z":269.425048828125},"rotation":{"x":-0.02218722365796566,"y":-0.9058841466903687,"z":0.4202888309955597,"w":-0.047780606895685199},"size":0.8660253882408142,"orthographic":false}