{"cameraMode":{"drawMode":0,"name":"Shaded","section":"Shading Mode"},"sceneLighting":true,"audioPlay":false,"sceneViewState":{"m_AlwaysRefresh":false,"showFog":true,"showSkybox":true,"showFlares":true,"showImageEffects":true,"showParticleSystems":true,"showVisualEffectGraphs":true,"m_FxEnabled":false},"in2DMode":false,"pivot":{"x":129.2738037109375,"y":-11.376901626586914,"z":165.2339630126953},"rotation":{"x":-0.32783886790275576,"y":0.35812264680862429,"z":-0.13594716787338258,"w":-0.8636088371276856},"size":54.320343017578128,"orthographic":false}