{"cameraMode":{"drawMode":0,"name":"Shaded","section":"Shading Mode"},"sceneLighting":true,"audioPlay":false,"sceneViewState":{"m_AlwaysRefresh":false,"showFog":true,"showSkybox":true,"showFlares":true,"showImageEffects":true,"showParticleSystems":true,"showVisualEffectGraphs":true,"m_FxEnabled":true},"in2DMode":false,"pivot":{"x":-14.336434364318848,"y":-99.63121032714844,"z":248.66651916503907},"rotation":{"x":0.17369163036346436,"y":-0.7146515250205994,"z":0.19141165912151338,"w":0.6502073407173157},"size":104.10070037841797,"orthographic":false}