{"cameraMode":{"drawMode":0,"name":"Shaded","section":"Shading Mode"},"sceneLighting":true,"audioPlay":false,"sceneViewState":{"m_AlwaysRefresh":false,"showFog":true,"showSkybox":true,"showFlares":true,"showImageEffects":true,"showParticleSystems":true,"showVisualEffectGraphs":true,"m_FxEnabled":false},"in2DMode":false,"pivot":{"x":133.69918823242188,"y":-40.85862350463867,"z":126.2203598022461},"rotation":{"x":-0.06487849354743958,"y":0.9124758839607239,"z":-0.37166982889175417,"w":-0.15914398431777955},"size":123.21505737304688,"orthographic":false}