{"cameraMode":{"drawMode":0,"name":"Shaded","section":"Shading Mode"},"sceneLighting":true,"audioPlay":false,"sceneViewState":{"m_AlwaysRefresh":false,"showFog":true,"showSkybox":true,"showFlares":true,"showImageEffects":true,"showParticleSystems":true,"showVisualEffectGraphs":true,"m_FxEnabled":false},"in2DMode":false,"pivot":{"x":176.56124877929688,"y":-1.281768798828125,"z":85.54381561279297},"rotation":{"x":0.005593391600996256,"y":0.9934990406036377,"z":-0.05600776523351669,"w":0.09964754432439804},"size":42.435245513916019,"orthographic":false}