{"cameraMode":{"drawMode":0,"name":"Shaded","section":"Shading Mode"},"sceneLighting":true,"audioPlay":false,"sceneViewState":{"m_AlwaysRefresh":false,"showFog":true,"showSkybox":true,"showFlares":true,"showImageEffects":true,"showParticleSystems":true,"showVisualEffectGraphs":true,"m_FxEnabled":false},"in2DMode":false,"pivot":{"x":164.86245727539063,"y":2.4866809844970705,"z":177.73365783691407},"rotation":{"x":0.0549774095416069,"y":-0.8756857514381409,"z":0.4686554968357086,"w":0.10274921357631684},"size":20.412025451660158,"orthographic":false}