{"cameraMode":{"drawMode":0,"name":"Shaded","section":"Shading Mode"},"sceneLighting":true,"audioPlay":false,"sceneViewState":{"m_AlwaysRefresh":false,"showFog":true,"showSkybox":true,"showFlares":true,"showImageEffects":true,"showParticleSystems":true,"showVisualEffectGraphs":true,"m_FxEnabled":false},"in2DMode":false,"pivot":{"x":46.13705825805664,"y":6.033288478851318,"z":226.58287048339845},"rotation":{"x":0.13306812942028047,"y":-0.07106265425682068,"z":0.009584364481270314,"w":0.9885153770446777},"size":1.8544459342956544,"orthographic":false}