{"cameraMode":{"drawMode":0,"name":"Shaded","section":"Shading Mode"},"sceneLighting":true,"audioPlay":false,"sceneViewState":{"m_AlwaysRefresh":false,"showFog":true,"showSkybox":true,"showFlares":true,"showImageEffects":true,"showParticleSystems":true,"showVisualEffectGraphs":true,"m_FxEnabled":false},"in2DMode":false,"pivot":{"x":153.1058349609375,"y":37.153602600097659,"z":125.01458740234375},"rotation":{"x":0.12064583599567414,"y":-0.8222578167915344,"z":0.18976858258247376,"w":0.5228140354156494},"size":3.847543239593506,"orthographic":false}