{"cameraMode":{"drawMode":0,"name":"Shaded","section":"Shading Mode"},"sceneLighting":true,"audioPlay":false,"sceneViewState":{"m_AlwaysRefresh":false,"showFog":true,"showSkybox":true,"showFlares":true,"showImageEffects":true,"showParticleSystems":true,"showVisualEffectGraphs":true,"m_FxEnabled":false},"in2DMode":false,"pivot":{"x":190.64154052734376,"y":-92.71417236328125,"z":109.09262084960938},"rotation":{"x":0.017475981265306474,"y":-0.9195242524147034,"z":0.3907454013824463,"w":0.04181133583188057},"size":401.42901611328127,"orthographic":false}