{"cameraMode":{"drawMode":0,"name":"Shaded","section":"Shading Mode"},"sceneLighting":true,"audioPlay":false,"sceneViewState":{"m_AlwaysRefresh":false,"showFog":true,"showSkybox":true,"showFlares":true,"showImageEffects":true,"showParticleSystems":true,"showVisualEffectGraphs":true,"m_FxEnabled":false},"in2DMode":false,"pivot":{"x":154.63816833496095,"y":30.951644897460939,"z":200.45791625976563},"rotation":{"x":0.0005760864587500691,"y":-0.981006383895874,"z":0.19458578526973725,"w":0.004297157749533653},"size":3.2452311515808107,"orthographic":false}