{"cameraMode":{"drawMode":0,"name":"Shaded","section":"Shading Mode"},"sceneLighting":true,"audioPlay":false,"sceneViewState":{"m_AlwaysRefresh":false,"showFog":true,"showSkybox":true,"showFlares":true,"showImageEffects":true,"showParticleSystems":true,"showVisualEffectGraphs":true,"m_FxEnabled":false},"in2DMode":false,"pivot":{"x":112.09483337402344,"y":36.19911193847656,"z":105.41946411132813},"rotation":{"x":-0.08012964576482773,"y":0.9146709442138672,"z":-0.32644760608673098,"w":-0.22451268136501313},"size":58.35969924926758,"orthographic":false}