{"cameraMode":{"drawMode":0,"name":"Shaded","section":"Shading Mode"},"sceneLighting":true,"audioPlay":false,"sceneViewState":{"m_AlwaysRefresh":false,"showFog":true,"showSkybox":true,"showFlares":true,"showImageEffects":true,"showParticleSystems":true,"showVisualEffectGraphs":true,"m_FxEnabled":false},"in2DMode":false,"pivot":{"x":1685.951904296875,"y":393.3952331542969,"z":543.8533325195313},"rotation":{"x":0.003203006461262703,"y":-0.9892962574958801,"z":0.1443602293729782,"w":0.022063367068767549},"size":0.8660253882408142,"orthographic":false}