{"cameraMode":{"drawMode":0,"name":"Shaded","section":"Shading Mode"},"sceneLighting":true,"audioPlay":false,"sceneViewState":{"m_AlwaysRefresh":false,"showFog":true,"showSkybox":true,"showFlares":true,"showImageEffects":true,"showParticleSystems":true,"showVisualEffectGraphs":true,"m_FxEnabled":false},"in2DMode":false,"pivot":{"x":156.99000549316407,"y":0.9386040568351746,"z":132.80999755859376},"rotation":{"x":-0.01174229197204113,"y":0.9737825989723206,"z":-0.22165216505527497,"w":-0.051349710673093799},"size":59.36360549926758,"orthographic":false}