{"cameraMode":{"drawMode":0,"name":"Shaded","section":"Shading Mode"},"sceneLighting":false,"audioPlay":false,"sceneViewState":{"m_AlwaysRefresh":false,"showFog":true,"showSkybox":false,"showFlares":true,"showImageEffects":true,"showParticleSystems":true,"showVisualEffectGraphs":true,"m_FxEnabled":false},"in2DMode":false,"pivot":{"x":190.68504333496095,"y":28.722774505615236,"z":342.32769775390627},"rotation":{"x":-0.02218722365796566,"y":-0.9058841466903687,"z":0.4202888309955597,"w":-0.047780606895685199},"size":0.7536009550094605,"orthographic":false}